1,http://dcat-ap.de/def/politicalGeocoding/municipalAssociationKey/010555552
2,http://dcat-ap.de/def/politicalGeocoding/municipalAssociationKey/010515103
3,http://dcat-ap.de/def/politicalGeocoding/municipalAssociationKey/010585850
4,http://dcat-ap.de/def/politicalGeocoding/municipalAssociationKey/010585808
5,http://dcat-ap.de/def/politicalGeocoding/municipalAssociationKey/010585847
6,http://dcat-ap.de/def/politicalGeocoding/municipalAssociationKey/010515154
7,http://dcat-ap.de/def/politicalGeocoding/municipalAssociationKey/010585814
8,http://dcat-ap.de/def/politicalGeocoding/municipalAssociationKey/010625207
10,http://dcat-ap.de/def/politicalGeocoding/municipalAssociationKey/010585865
11,http://dcat-ap.de/def/politicalGeocoding/municipalAssociationKey/010585822
12,http://dcat-ap.de/def/politicalGeocoding/municipalAssociationKey/010616144
13,http://dcat-ap.de/def/politicalGeocoding/municipalAssociationKey/010515119
14,http://dcat-ap.de/def/politicalGeocoding/municipalAssociationKey/010575779
15,http://dcat-ap.de/def/politicalGeocoding/municipalAssociationKey/010595959
16,http://dcat-ap.de/def/politicalGeocoding/municipalAssociationKey/010555546
17,http://dcat-ap.de/def/politicalGeocoding/municipalityKey/01060046
18,http://dcat-ap.de/def/politicalGeocoding/municipalityKey/01056014
19,http://dcat-ap.de/def/politicalGeocoding/municipalityKey/01054086
20,http://dcat-ap.de/def/politicalGeocoding/municipalityKey/01053025
21,http://dcat-ap.de/def/politicalGeocoding/municipalityKey/01060035
22,http://dcat-ap.de/def/politicalGeocoding/municipalityKey/01060058
23,http://dcat-ap.de/def/politicalGeocoding/municipalityKey/01059001
24,http://dcat-ap.de/def/politicalGeocoding/municipalityKey/01060061
25,http://dcat-ap.de/def/politicalGeocoding/municipalityKey/01058128
26,http://dcat-ap.de/def/politicalGeocoding/municipalityKey/01059050
27,http://dcat-ap.de/def/politicalGeocoding/municipalityKey/01058159
28,http://dcat-ap.de/def/politicalGeocoding/municipalityKey/01060009
29,http://dcat-ap.de/def/politicalGeocoding/municipalityKey/01053018
30,http://dcat-ap.de/def/politicalGeocoding/municipalityKey/01054037
31,http://dcat-ap.de/def/politicalGeocoding/municipalityKey/01060031
32,http://dcat-ap.de/def/politicalGeocoding/municipalityKey/01051107
33,http://dcat-ap.de/def/politicalGeocoding/municipalityKey/01058154
35,http://dcat-ap.de/def/politicalGeocoding/municipalityKey/01053035
36,http://dcat-ap.de/def/politicalGeocoding/municipalityKey/01061004
37,http://dcat-ap.de/def/politicalGeocoding/municipalityKey/01058017
38,http://dcat-ap.de/def/politicalGeocoding/municipalityKey/01058123
39,http://dcat-ap.de/def/politicalGeocoding/municipalityKey/01059106
40,http://dcat-ap.de/def/politicalGeocoding/municipalityKey/01055029
41,http://dcat-ap.de/def/politicalGeocoding/municipalityKey/01062050
42,http://dcat-ap.de/def/politicalGeocoding/municipalityKey/01057055
43,http://dcat-ap.de/def/politicalGeocoding/municipalityKey/01055006
44,http://dcat-ap.de/def/politicalGeocoding/municipalityKey/01059009
45,http://dcat-ap.de/def/politicalGeocoding/municipalityKey/01060036
46,http://dcat-ap.de/def/politicalGeocoding/municipalityKey/01061047
47,http://dcat-ap.de/def/politicalGeocoding/municipalityKey/01062040
48,http://dcat-ap.de/def/politicalGeocoding/municipalityKey/01058142
49,http://dcat-ap.de/def/politicalGeocoding/municipalityKey/01056003
50,http://dcat-ap.de/def/politicalGeocoding/municipalityKey/01055023
51,http://dcat-ap.de/def/politicalGeocoding/municipalityKey/01057034
52,http://dcat-ap.de/def/politicalGeocoding/municipalityKey/01057035
53,http://dcat-ap.de/def/politicalGeocoding/municipalityKey/01051086
54,http://dcat-ap.de/def/politicalGeocoding/municipalityKey/01062093
55,http://dcat-ap.de/def/politicalGeocoding/municipalityKey/01060053
56,http://dcat-ap.de/def/politicalGeocoding/municipalityKey/01060093
57,http://dcat-ap.de/def/politicalGeocoding/municipalityKey/01061108
58,http://dcat-ap.de/def/politicalGeocoding/municipalityKey/01056017
59,http://dcat-ap.de/def/politicalGeocoding/municipalityKey/01055002
60,http://dcat-ap.de/def/politicalGeocoding/municipalityKey/01058007
61,http://dcat-ap.de/def/politicalGeocoding/municipalityKey/01061066
62,http://dcat-ap.de/def/politicalGeocoding/municipalityKey/01051085
63,http://dcat-ap.de/def/politicalGeocoding/municipalityKey/01055037
64,http://dcat-ap.de/def/politicalGeocoding/municipalityKey/01061106
65,http://dcat-ap.de/def/politicalGeocoding/municipalityKey/01058026
66,http://dcat-ap.de/def/politicalGeocoding/municipalityKey/01058096
67,http://dcat-ap.de/def/politicalGeocoding/municipalityKey/01055039
68,http://dcat-ap.de/def/politicalGeocoding/municipalityKey/01060007
69,http://dcat-ap.de/def/politicalGeocoding/municipalityKey/01058037
70,http://dcat-ap.de/def/politicalGeocoding/municipalityKey/01051141
71,http://dcat-ap.de/def/politicalGeocoding/municipalityKey/01060002
72,http://dcat-ap.de/def/politicalGeocoding/municipalityKey/01061031
73,http://dcat-ap.de/def/politicalGeocoding/municipalityKey/01060057
74,http://dcat-ap.de/def/politicalGeocoding/municipalityKey/01061056
75,http://dcat-ap.de/def/politicalGeocoding/municipalityKey/01058129
76,http://dcat-ap.de/def/politicalGeocoding/municipalityKey/01056009
77,http://dcat-ap.de/def/politicalGeocoding/municipalityKey/01059087
78,http://dcat-ap.de/def/politicalGeocoding/municipalityKey/01058046
79,http://dcat-ap.de/def/politicalGeocoding/municipalityKey/01058021
80,http://dcat-ap.de/def/politicalGeocoding/municipalityKey/01059019
81,http://dcat-ap.de/def/politicalGeocoding/municipalityKey/01062056
82,http://dcat-ap.de/def/politicalGeocoding/municipalityKey/01058023
83,http://dcat-ap.de/def/politicalGeocoding/municipalityKey/01053038
84,http://dcat-ap.de/def/politicalGeocoding/municipalityKey/01053081
85,http://dcat-ap.de/def/politicalGeocoding/municipalityKey/01062046
86,http://dcat-ap.de/def/politicalGeocoding/municipalityKey/01061081
87,http://dcat-ap.de/def/politicalGeocoding/municipalityKey/01059088
88,http://dcat-ap.de/def/politicalGeocoding/municipalityKey/01059058
89,http://dcat-ap.de/def/politicalGeocoding/municipalityKey/01058056
90,http://dcat-ap.de/def/politicalGeocoding/municipalityKey/01057081
91,http://dcat-ap.de/def/politicalGeocoding/municipalityKey/01051075
92,http://dcat-ap.de/def/politicalGeocoding/municipalityKey/01062045
93,http://dcat-ap.de/def/politicalGeocoding/municipalityKey/01058063
94,http://dcat-ap.de/def/politicalGeocoding/municipalityKey/01055031
95,http://dcat-ap.de/def/politicalGeocoding/municipalityKey/01054109
96,http://dcat-ap.de/def/politicalGeocoding/municipalityKey/01060087
97,http://dcat-ap.de/def/politicalGeocoding/municipalityKey/01061041
98,http://dcat-ap.de/def/politicalGeocoding/municipalityKey/01053077
99,http://dcat-ap.de/def/politicalGeocoding/municipalityKey/01060091
100,http://dcat-ap.de/def/politicalGeocoding/municipalityKey/01057046
101,http://dcat-ap.de/def/politicalGeocoding/municipalityKey/01060059
102,http://dcat-ap.de/def/politicalGeocoding/municipalityKey/01059012
103,http://dcat-ap.de/def/politicalGeocoding/municipalityKey/01059037
104,http://dcat-ap.de/def/politicalGeocoding/municipalityKey/01061006
105,http://dcat-ap.de/def/politicalGeocoding/municipalityKey/01061007
106,http://dcat-ap.de/def/politicalGeocoding/municipalityKey/01058138
107,http://dcat-ap.de/def/politicalGeocoding/municipalityKey/01061022
108,http://dcat-ap.de/def/politicalGeocoding/municipalityKey/01054162
109,http://dcat-ap.de/def/politicalGeocoding/municipalityKey/01056022
110,http://dcat-ap.de/def/politicalGeocoding/municipalityKey/01059042
111,http://dcat-ap.de/def/politicalGeocoding/municipalityKey/01061025
112,http://dcat-ap.de/def/politicalGeocoding/municipalityKey/01058097
113,http://dcat-ap.de/def/politicalGeocoding/municipalityKey/01059057
114,http://dcat-ap.de/def/politicalGeocoding/municipalityKey/01058073
115,http://dcat-ap.de/def/politicalGeocoding/municipalityKey/01060067
116,http://dcat-ap.de/def/politicalGeocoding/municipalityKey/01053049
117,http://dcat-ap.de/def/politicalGeocoding/municipalityKey/01060062
118,http://dcat-ap.de/def/politicalGeocoding/municipalityKey/01058015
119,http://dcat-ap.de/def/politicalGeocoding/municipalityKey/01062016
120,http://dcat-ap.de/def/politicalGeocoding/municipalityKey/01059128
121,http://dcat-ap.de/def/politicalGeocoding/municipalityKey/01059064
122,http://dcat-ap.de/def/politicalGeocoding/municipalityKey/01055036
123,http://dcat-ap.de/def/politicalGeocoding/municipalityKey/01061013
124,http://dcat-ap.de/def/politicalGeocoding/municipalityKey/01053113
125,http://dcat-ap.de/def/politicalGeocoding/municipalityKey/01058062
126,http://dcat-ap.de/def/politicalGeocoding/municipalityKey/01057053
128,http://dcat-ap.de/def/politicalGeocoding/municipalityKey/01062059
129,http://dcat-ap.de/def/politicalGeocoding/municipalityKey/01057040
130,http://dcat-ap.de/def/politicalGeocoding/municipalityKey/01057088
131,http://dcat-ap.de/def/politicalGeocoding/municipalityKey/01061084
132,http://dcat-ap.de/def/politicalGeocoding/municipalityKey/01061067
133,http://dcat-ap.de/def/politicalGeocoding/municipalityKey/01061014
134,http://dcat-ap.de/def/politicalGeocoding/municipalityKey/01060086
135,http://dcat-ap.de/def/politicalGeocoding/municipalityKey/01061099 
136,http://dcat-ap.de/def/politicalGeocoding/municipalityKey/01058115
137,http://dcat-ap.de/def/politicalGeocoding/municipalityKey/01059097
138,http://dcat-ap.de/def/politicalGeocoding/municipalityKey/01061024
139,http://dcat-ap.de/def/politicalGeocoding/municipalityKey/01057069
140,http://dcat-ap.de/def/politicalGeocoding/municipalityKey/01057010
141,http://dcat-ap.de/def/politicalGeocoding/municipalityKey/01051063
142,http://dcat-ap.de/def/politicalGeocoding/municipalityKey/01061101
144,http://dcat-ap.de/def/politicalGeocoding/municipalityKey/01061060
145,http://dcat-ap.de/def/politicalGeocoding/municipalityKey/01053029
146,http://dcat-ap.de/def/politicalGeocoding/municipalityKey/01054133
147,http://dcat-ap.de/def/politicalGeocoding/municipalityKey/01059067
148,http://dcat-ap.de/def/politicalGeocoding/municipalityKey/01051067
149,http://dcat-ap.de/def/politicalGeocoding/municipalityKey/01057082
150,http://dcat-ap.de/def/politicalGeocoding/municipalityKey/01061005
151,http://dcat-ap.de/def/politicalGeocoding/municipalityKey/01062031
152,http://dcat-ap.de/def/politicalGeocoding/municipalityKey/01051053
153,http://dcat-ap.de/def/politicalGeocoding/municipalityKey/01053050
154,http://dcat-ap.de/def/politicalGeocoding/municipalityKey/01059055
155,http://dcat-ap.de/def/politicalGeocoding/municipalAssociationKey/010575755
156,http://dcat-ap.de/def/politicalGeocoding/municipalityKey/01061003
157,http://dcat-ap.de/def/politicalGeocoding/municipalityKey/01057042
158,http://dcat-ap.de/def/politicalGeocoding/municipalityKey/01060043
159,http://dcat-ap.de/def/politicalGeocoding/municipalityKey/01059136
160,http://dcat-ap.de/def/politicalGeocoding/municipalityKey/01060065
161,http://dcat-ap.de/def/politicalGeocoding/municipalityKey/01058025
163,http://dcat-ap.de/def/politicalGeocoding/municipalityKey/01058036
164,http://dcat-ap.de/def/politicalGeocoding/municipalityKey/01053044
165,http://dcat-ap.de/def/politicalGeocoding/municipalityKey/01054070
166,http://dcat-ap.de/def/politicalGeocoding/municipalityKey/01051005
167,http://dcat-ap.de/def/politicalGeocoding/municipalityKey/01053084
168,http://dcat-ap.de/def/politicalGeocoding/municipalityKey/01062089
169,http://dcat-ap.de/def/politicalGeocoding/municipalityKey/01061010
170,http://dcat-ap.de/def/politicalGeocoding/municipalityKey/01051078
171,http://dcat-ap.de/def/politicalGeocoding/districtKey/01051
172,http://dcat-ap.de/def/politicalGeocoding/districtKey/01053
173,http://dcat-ap.de/def/politicalGeocoding/districtKey/01061
174,http://dcat-ap.de/def/politicalGeocoding/districtKey/01056
175,http://dcat-ap.de/def/politicalGeocoding/districtKey/01062
176,http://dcat-ap.de/def/politicalGeocoding/districtKey/01060
177,http://dcat-ap.de/def/politicalGeocoding/districtKey/01057
178,http://dcat-ap.de/def/politicalGeocoding/districtKey/01055
179,http://dcat-ap.de/def/politicalGeocoding/districtKey/01054
180,http://dcat-ap.de/def/politicalGeocoding/districtKey/01058
181,http://dcat-ap.de/def/politicalGeocoding/districtKey/01059
182,http://dcat-ap.de/def/politicalGeocoding/municipalAssociationKey/010545459
183,http://dcat-ap.de/def/politicalGeocoding/municipalAssociationKey/010515151
184,http://dcat-ap.de/def/politicalGeocoding/municipalAssociationKey/010545433
185,http://dcat-ap.de/def/politicalGeocoding/municipalAssociationKey/010585864
186,http://dcat-ap.de/def/politicalGeocoding/municipalAssociationKey/010625270
187,http://dcat-ap.de/def/politicalGeocoding/municipalAssociationKey/010615153
188,http://dcat-ap.de/def/politicalGeocoding/municipalAssociationKey/010515112
189,http://dcat-ap.de/def/politicalGeocoding/municipalAssociationKey/010615168
190,http://dcat-ap.de/def/politicalGeocoding/municipalAssociationKey/010605053
191,http://dcat-ap.de/def/politicalGeocoding/municipalAssociationKey/010515142
192,http://dcat-ap.de/def/politicalGeocoding/municipalAssociationKey/010515115
193,http://dcat-ap.de/def/politicalGeocoding/municipalAssociationKey/010625244
194,http://dcat-ap.de/def/politicalGeocoding/municipalAssociationKey/010585803
195,http://dcat-ap.de/def/politicalGeocoding/municipalAssociationKey/010545417
196,http://dcat-ap.de/def/politicalGeocoding/municipalAssociationKey/010545480
197,http://dcat-ap.de/def/politicalGeocoding/municipalAssociationKey/010535373
198,http://dcat-ap.de/def/politicalGeocoding/municipalAssociationKey/010606083
199,http://dcat-ap.de/def/politicalGeocoding/municipalAssociationKey/010585839
200,http://dcat-ap.de/def/politicalGeocoding/municipalAssociationKey/010605043
201,http://dcat-ap.de/def/politicalGeocoding/municipalAssociationKey/010585853
202,http://dcat-ap.de/def/politicalGeocoding/municipalAssociationKey/010535318
203,http://dcat-ap.de/def/politicalGeocoding/municipalAssociationKey/010595915
204,http://dcat-ap.de/def/politicalGeocoding/municipalAssociationKey/010535343
205,http://dcat-ap.de/def/politicalGeocoding/municipalAssociationKey/010606068
206,http://dcat-ap.de/def/politicalGeocoding/municipalAssociationKey/010515136
207,http://dcat-ap.de/def/politicalGeocoding/municipalAssociationKey/010565660
208,http://dcat-ap.de/def/politicalGeocoding/municipalAssociationKey/010515127
209,http://dcat-ap.de/def/politicalGeocoding/municipalAssociationKey/010615104
210,http://dcat-ap.de/def/politicalGeocoding/municipalAssociationKey/010605048
211,http://dcat-ap.de/def/politicalGeocoding/municipalAssociationKey/010545453
212,http://dcat-ap.de/def/politicalGeocoding/municipalAssociationKey/010585844
213,http://dcat-ap.de/def/politicalGeocoding/municipalAssociationKey/010615138
214,http://dcat-ap.de/def/politicalGeocoding/municipalAssociationKey/010535353
215,http://dcat-ap.de/def/politicalGeocoding/municipalAssociationKey/010595913
216,http://dcat-ap.de/def/politicalGeocoding/municipalAssociationKey/010515133
217,http://dcat-ap.de/def/politicalGeocoding/municipalAssociationKey/010535313
218,http://dcat-ap.de/def/politicalGeocoding/municipalAssociationKey/010515109
219,http://dcat-ap.de/def/politicalGeocoding/municipalAssociationKey/010625218
220,http://dcat-ap.de/def/politicalGeocoding/municipalAssociationKey/010605024
221,http://dcat-ap.de/def/politicalGeocoding/municipalAssociationKey/010545466
222,http://dcat-ap.de/def/politicalGeocoding/municipalAssociationKey/010595969
223,http://dcat-ap.de/def/politicalGeocoding/municipalAssociationKey/010615179
224,http://dcat-ap.de/def/politicalGeocoding/municipalAssociationKey/010565628
225,http://dcat-ap.de/def/politicalGeocoding/municipalAssociationKey/010585873
226,http://dcat-ap.de/def/politicalGeocoding/municipalAssociationKey/010595937
227,http://dcat-ap.de/def/politicalGeocoding/municipalAssociationKey/010585859
228,http://dcat-ap.de/def/politicalGeocoding/municipalAssociationKey/010545471
229,http://dcat-ap.de/def/politicalGeocoding/municipalityKey/01058043
230,http://dcat-ap.de/def/politicalGeocoding/municipalityKey/01055012
231,http://dcat-ap.de/def/politicalGeocoding/municipalityKey/01054033
232,http://dcat-ap.de/def/politicalGeocoding/municipalityKey/01059113
233,http://dcat-ap.de/def/politicalGeocoding/municipalityKey/01061029
234,http://dcat-ap.de/def/politicalGeocoding/municipalityKey/01055021
235,http://dcat-ap.de/def/politicalGeocoding/municipalityKey/01056025
236,http://dcat-ap.de/def/politicalGeocoding/municipalityKey/01054056
237,http://dcat-ap.de/def/politicalGeocoding/municipalityKey/01061055
238,http://dcat-ap.de/def/politicalGeocoding/municipalityKey/01053083
239,http://dcat-ap.de/def/politicalGeocoding/districtKey/01003
240,http://dcat-ap.de/def/politicalGeocoding/municipalityKey/01057048
241,http://dcat-ap.de/def/politicalGeocoding/municipalityKey/01051074
242,http://dcat-ap.de/def/politicalGeocoding/municipalityKey/01059071 
243,http://dcat-ap.de/def/politicalGeocoding/municipalityKey/01059080
244,http://dcat-ap.de/def/politicalGeocoding/municipalityKey/01059083
245,http://dcat-ap.de/def/politicalGeocoding/municipalityKey/01062076
246,http://dcat-ap.de/def/politicalGeocoding/municipalityKey/01056049
247,http://dcat-ap.de/def/politicalGeocoding/municipalityKey/01051072
248,http://dcat-ap.de/def/politicalGeocoding/municipalityKey/01051127
249,http://dcat-ap.de/def/politicalGeocoding/districtKey/01001
250,http://dcat-ap.de/def/politicalGeocoding/districtKey/01002
251,http://dcat-ap.de/def/politicalGeocoding/municipalityKey/01061049
252,http://dcat-ap.de/def/politicalGeocoding/municipalityKey/01061113
253,http://dcat-ap.de/def/politicalGeocoding/municipalityKey/01054151 
254,http://dcat-ap.de/def/politicalGeocoding/municipalityKey/01058117
255,http://dcat-ap.de/def/politicalGeocoding/municipalityKey/01056002
256,http://dcat-ap.de/def/politicalGeocoding/municipalityKey/01053032
257,http://dcat-ap.de/def/politicalGeocoding/districtKey/01004
258,http://dcat-ap.de/def/politicalGeocoding/municipalityKey/01062061
259,http://dcat-ap.de/def/politicalGeocoding/municipalityKey/01055032
260,http://dcat-ap.de/def/politicalGeocoding/municipalityKey/01058034
261,http://dcat-ap.de/def/politicalGeocoding/municipalityKey/01059075
262,http://dcat-ap.de/def/politicalGeocoding/municipalityKey/01062060
263,http://dcat-ap.de/def/politicalGeocoding/municipalityKey/01054019
264,http://dcat-ap.de/def/politicalGeocoding/municipalityKey/01055033
265,http://dcat-ap.de/def/politicalGeocoding/municipalityKey/01059112
266,http://dcat-ap.de/def/politicalGeocoding/municipalityKey/01061046
267,http://dcat-ap.de/def/politicalGeocoding/municipalityKey/01055016
268,http://dcat-ap.de/def/politicalGeocoding/municipalityKey/01051043
269,http://dcat-ap.de/def/politicalGeocoding/municipalityKey/01055018
270,http://dcat-ap.de/def/politicalGeocoding/municipalityKey/01061061
271,http://dcat-ap.de/def/politicalGeocoding/municipalityKey/01062078
272,http://dcat-ap.de/def/politicalGeocoding/municipalityKey/01055028
273,http://dcat-ap.de/def/politicalGeocoding/municipalityKey/01055035
274,http://dcat-ap.de/def/politicalGeocoding/municipalityKey/01055007
275,http://dcat-ap.de/def/politicalGeocoding/municipalityKey/01060012
276,http://dcat-ap.de/def/politicalGeocoding/municipalityKey/01056021
277,http://dcat-ap.de/def/politicalGeocoding/municipalityKey/01061078
278,http://dcat-ap.de/def/politicalGeocoding/municipalityKey/01053003
279,http://dcat-ap.de/def/politicalGeocoding/municipalityKey/01054063
280,http://dcat-ap.de/def/politicalGeocoding/municipalityKey/01054078
281,http://dcat-ap.de/def/politicalGeocoding/municipalityKey/01055004
282,http://dcat-ap.de/def/politicalGeocoding/municipalityKey/01061071
283,http://dcat-ap.de/def/politicalGeocoding/municipalityKey/01061093
284,http://dcat-ap.de/def/politicalGeocoding/municipalityKey/01061015
285,http://dcat-ap.de/def/politicalGeocoding/municipalityKey/01061026
286,http://dcat-ap.de/def/politicalGeocoding/municipalityKey/01061030
287,http://dcat-ap.de/def/politicalGeocoding/municipalityKey/01061050
288,http://dcat-ap.de/def/politicalGeocoding/municipalityKey/01061054
289,http://dcat-ap.de/def/politicalGeocoding/municipalityKey/01061073
290,http://dcat-ap.de/def/politicalGeocoding/municipalityKey/01061104
291,http://dcat-ap.de/def/politicalGeocoding/municipalityKey/01055027
292,http://dcat-ap.de/def/politicalGeocoding/municipalityKey/01054103
293,http://dcat-ap.de/def/politicalGeocoding/municipalityKey/01061034
294,http://dcat-ap.de/def/politicalGeocoding/municipalityKey/01051011
295,http://dcat-ap.de/def/politicalGeocoding/municipalityKey/01051044
296,http://dcat-ap.de/def/politicalGeocoding/municipalityKey/01056043
297,http://dcat-ap.de/def/politicalGeocoding/municipalityKey/01051016
298,http://dcat-ap.de/def/politicalGeocoding/municipalityKey/01053116
299,http://dcat-ap.de/def/politicalGeocoding/municipalityKey/01054138
300,http://dcat-ap.de/def/politicalGeocoding/municipalityKey/01053020
301,http://dcat-ap.de/def/politicalGeocoding/municipalityKey/01056015
302,http://dcat-ap.de/def/politicalGeocoding/municipalityKey/01053133
303,http://dcat-ap.de/def/politicalGeocoding/municipalityKey/01059171
304,http://dcat-ap.de/def/politicalGeocoding/municipalityKey/01053090
305,http://dcat-ap.de/def/politicalGeocoding/municipalityKey/01055040
306,http://dcat-ap.de/def/politicalGeocoding/municipalityKey/01060092
307,http://dcat-ap.de/def/politicalGeocoding/municipalityKey/01054164
308,http://dcat-ap.de/def/politicalGeocoding/municipalityKey/01060004
309,http://dcat-ap.de/def/politicalGeocoding/municipalityKey/01056041
310,http://dcat-ap.de/def/politicalGeocoding/municipalityKey/01054018
311,http://dcat-ap.de/def/politicalGeocoding/municipalityKey/01054050
312,http://dcat-ap.de/def/politicalGeocoding/municipalityKey/01054076
313,http://dcat-ap.de/def/politicalGeocoding/municipalityKey/01054149
314,http://dcat-ap.de/def/politicalGeocoding/municipalityKey/01057043
315,http://dcat-ap.de/def/politicalGeocoding/municipalityKey/01057063
316,http://dcat-ap.de/def/politicalGeocoding/municipalityKey/01053012
317,http://dcat-ap.de/def/politicalGeocoding/municipalityKey/01057025
318,http://dcat-ap.de/def/politicalGeocoding/municipalityKey/01056039
319,http://dcat-ap.de/def/politicalGeocoding/municipalityKey/01058077
320,http://dcat-ap.de/def/politicalGeocoding/municipalityKey/01054088
321,http://dcat-ap.de/def/politicalGeocoding/municipalityKey/01062023
322,http://dcat-ap.de/def/politicalGeocoding/municipalityKey/01053100
323,http://dcat-ap.de/def/politicalGeocoding/municipalityKey/01059045
324,http://dcat-ap.de/def/politicalGeocoding/municipalityKey/01054116
325,http://dcat-ap.de/def/politicalGeocoding/municipalityKey/01060084
326,http://dcat-ap.de/def/politicalGeocoding/municipalityKey/01056050
327,http://dcat-ap.de/def/politicalGeocoding/municipalityKey/01054036
328,http://dcat-ap.de/def/politicalGeocoding/municipalityKey/01060019
329,http://dcat-ap.de/def/politicalGeocoding/municipalityKey/01057057
330,http://dcat-ap.de/def/politicalGeocoding/municipalityKey/01059174
331,http://dcat-ap.de/def/politicalGeocoding/municipalityKey/01051097
332,http://dcat-ap.de/def/politicalGeocoding/municipalityKey/01058135
333,http://dcat-ap.de/def/politicalGeocoding/municipalityKey/01051065
334,http://dcat-ap.de/def/politicalGeocoding/municipalityKey/01056048
335,http://dcat-ap.de/def/politicalGeocoding/municipalityKey/01062018
336,http://dcat-ap.de/def/politicalGeocoding/municipalityKey/01061017
337,http://dcat-ap.de/def/politicalGeocoding/municipalityKey/01061042
338,http://dcat-ap.de/def/politicalGeocoding/municipalityKey/01054073
339,http://dcat-ap.de/def/politicalGeocoding/municipalityKey/01055008 
340,http://dcat-ap.de/def/politicalGeocoding/municipalityKey/01054113
341,http://dcat-ap.de/def/politicalGeocoding/municipalityKey/01057064
342,http://dcat-ap.de/def/politicalGeocoding/municipalityKey/01056001
343,http://dcat-ap.de/def/politicalGeocoding/municipalityKey/01060011
344,http://dcat-ap.de/def/politicalGeocoding/municipalityKey/01056018
345,http://dcat-ap.de/def/politicalGeocoding/municipalityKey/01058172
346,http://dcat-ap.de/def/politicalGeocoding/municipalityKey/01056013
347,http://dcat-ap.de/def/politicalGeocoding/municipalityKey/01058072
348,http://dcat-ap.de/def/politicalGeocoding/municipalityKey/01062006
349,http://dcat-ap.de/def/politicalGeocoding/municipalityKey/01062033
350,http://dcat-ap.de/def/politicalGeocoding/municipalityKey/01060005
351,http://dcat-ap.de/def/politicalGeocoding/municipalityKey/01060089
352,http://dcat-ap.de/def/politicalGeocoding/municipalityKey/01055001
353,http://dcat-ap.de/def/politicalGeocoding/municipalityKey/01059060
354,http://dcat-ap.de/def/politicalGeocoding/municipalityKey/01058009
355,http://dcat-ap.de/def/politicalGeocoding/municipalityKey/01051073
356,http://dcat-ap.de/def/politicalGeocoding/municipalityKey/01054136
357,http://dcat-ap.de/def/politicalGeocoding/municipalityKey/01053129
358,http://dcat-ap.de/def/politicalGeocoding/municipalityKey/01057054
359,http://dcat-ap.de/def/politicalGeocoding/municipalityKey/01057036
360,http://dcat-ap.de/def/politicalGeocoding/municipalityKey/01051068
361,http://dcat-ap.de/def/politicalGeocoding/municipalityKey/01060063
362,http://dcat-ap.de/def/politicalGeocoding/municipalityKey/01060044
363,http://dcat-ap.de/def/politicalGeocoding/municipalityKey/01058157
364,http://dcat-ap.de/def/politicalGeocoding/municipalityKey/01054001
365,http://dcat-ap.de/def/politicalGeocoding/municipalityKey/01055044
366,http://dcat-ap.de/def/politicalGeocoding/municipalityKey/01054124
367,http://dcat-ap.de/def/politicalGeocoding/municipalityKey/01062053
368,http://dcat-ap.de/def/politicalGeocoding/municipalityKey/01062035
369,http://dcat-ap.de/def/politicalGeocoding/municipalityKey/01060047
370,http://dcat-ap.de/def/politicalGeocoding/municipalityKey/01058054
371,http://dcat-ap.de/def/politicalGeocoding/municipalityKey/01062009
372,http://dcat-ap.de/def/politicalGeocoding/municipalityKey/01059142
373,http://dcat-ap.de/def/politicalGeocoding/municipalityKey/01058092
374,http://dcat-ap.de/def/politicalGeocoding/municipalityKey/01062001
375,http://dcat-ap.de/def/politicalGeocoding/municipalityKey/01062069
376,http://dcat-ap.de/def/politicalGeocoding/municipalityKey/01053041
377,http://dcat-ap.de/def/politicalGeocoding/municipalityKey/01060027
378,http://dcat-ap.de/def/politicalGeocoding/municipalityKey/01059167
379,http://dcat-ap.de/def/politicalGeocoding/municipalityKey/01059107
380,http://dcat-ap.de/def/politicalGeocoding/municipalityKey/01054167
381,http://dcat-ap.de/def/politicalGeocoding/municipalityKey/01060068
382,http://dcat-ap.de/def/politicalGeocoding/municipalityKey/01056010
383,http://dcat-ap.de/def/politicalGeocoding/municipalityKey/01060039
384,http://dcat-ap.de/def/politicalGeocoding/municipalityKey/01062004
385,http://dcat-ap.de/def/politicalGeocoding/municipalityKey/01059002
386,http://dcat-ap.de/def/politicalGeocoding/municipalityKey/01051069
387,http://dcat-ap.de/def/politicalGeocoding/municipalityKey/01056004
388,http://dcat-ap.de/def/politicalGeocoding/municipalityKey/01051001
389,http://dcat-ap.de/def/politicalGeocoding/municipalityKey/01055043
390,http://dcat-ap.de/def/politicalGeocoding/municipalityKey/01054061
391,http://dcat-ap.de/def/politicalGeocoding/municipalityKey/01054084
392,http://dcat-ap.de/def/politicalGeocoding/municipalityKey/01061116
393,http://dcat-ap.de/def/politicalGeocoding/municipalityKey/01059164
394,http://dcat-ap.de/def/politicalGeocoding/municipalityKey/01057062
395,http://dcat-ap.de/def/politicalGeocoding/municipalityKey/01051020
396,http://dcat-ap.de/def/politicalGeocoding/municipalityKey/01058053
397,http://dcat-ap.de/def/politicalGeocoding/municipalityKey/01053026
398,http://dcat-ap.de/def/politicalGeocoding/municipalityKey/01062071
399,http://dcat-ap.de/def/politicalGeocoding/municipalityKey/01061091
400,http://dcat-ap.de/def/politicalGeocoding/municipalityKey/01058124
401,http://dcat-ap.de/def/politicalGeocoding/municipalityKey/01061083
402,http://dcat-ap.de/def/politicalGeocoding/municipalityKey/01061107
403,http://dcat-ap.de/def/politicalGeocoding/municipalityKey/01058091
404,http://dcat-ap.de/def/politicalGeocoding/municipalityKey/01053087
405,http://dcat-ap.de/def/politicalGeocoding/municipalityKey/01062090
406,http://dcat-ap.de/def/politicalGeocoding/municipalityKey/01053072
407,http://dcat-ap.de/def/politicalGeocoding/municipalityKey/01054125
408,http://dcat-ap.de/def/politicalGeocoding/municipalityKey/01053047
409,http://dcat-ap.de/def/politicalGeocoding/municipalityKey/01059044
410,http://dcat-ap.de/def/politicalGeocoding/municipalityKey/01061096
411,http://dcat-ap.de/def/politicalGeocoding/municipalityKey/01061097
412,http://dcat-ap.de/def/politicalGeocoding/municipalityKey/01058146
413,http://dcat-ap.de/def/politicalGeocoding/municipalityKey/01058005
414,http://dcat-ap.de/def/politicalGeocoding/municipalityKey/01058140
415,http://dcat-ap.de/def/politicalGeocoding/municipalityKey/01058001
416,http://dcat-ap.de/def/politicalGeocoding/municipalityKey/01053122
417,http://dcat-ap.de/def/politicalGeocoding/municipalityKey/01051096
418,http://dcat-ap.de/def/politicalGeocoding/municipalityKey/01059158
419,http://dcat-ap.de/def/politicalGeocoding/municipalityKey/01053004
420,http://dcat-ap.de/def/politicalGeocoding/municipalityKey/01058170
421,http://dcat-ap.de/def/politicalGeocoding/municipalityKey/01059127
422,http://dcat-ap.de/def/politicalGeocoding/municipalityKey/01059039
423,http://dcat-ap.de/def/politicalGeocoding/municipalityKey/01053085
424,http://dcat-ap.de/def/politicalGeocoding/municipalityKey/01051061
425,http://dcat-ap.de/def/politicalGeocoding/municipalityKey/01058148
426,http://dcat-ap.de/def/politicalGeocoding/municipalityKey/01058160
427,http://dcat-ap.de/def/politicalGeocoding/municipalityKey/01056044
428,http://dcat-ap.de/def/politicalGeocoding/municipalityKey/01059186
429,http://dcat-ap.de/def/politicalGeocoding/municipalityKey/01056027
430,http://dcat-ap.de/def/politicalGeocoding/municipalityKey/01059161
431,http://dcat-ap.de/def/politicalGeocoding/municipalityKey/01058166
432,http://dcat-ap.de/def/politicalGeocoding/municipalityKey/01057072
433,http://dcat-ap.de/def/politicalGeocoding/municipalityKey/01056008
434,http://dcat-ap.de/def/politicalGeocoding/municipalityKey/01062082
435,http://dcat-ap.de/def/politicalGeocoding/municipalityKey/01060073
436,http://dcat-ap.de/def/politicalGeocoding/municipalityKey/01059008
437,http://dcat-ap.de/def/politicalGeocoding/municipalityKey/01057032
438,http://dcat-ap.de/def/politicalGeocoding/municipalityKey/01058094
439,http://dcat-ap.de/def/politicalGeocoding/municipalityKey/01061065
440,http://dcat-ap.de/def/politicalGeocoding/municipalityKey/01058152
441,http://dcat-ap.de/def/politicalGeocoding/municipalityKey/01053071
442,http://dcat-ap.de/def/politicalGeocoding/municipalityKey/01053108
443,http://dcat-ap.de/def/politicalGeocoding/municipalityKey/01053132
444,http://dcat-ap.de/def/politicalGeocoding/municipalityKey/01054046
445,http://dcat-ap.de/def/politicalGeocoding/municipalityKey/01059153 
446,http://dcat-ap.de/def/politicalGeocoding/municipalityKey/01059109
447,http://dcat-ap.de/def/politicalGeocoding/municipalityKey/01054062
448,http://dcat-ap.de/def/politicalGeocoding/municipalityKey/01053023
449,http://dcat-ap.de/def/politicalGeocoding/municipalityKey/01059149
450,http://dcat-ap.de/def/politicalGeocoding/municipalityKey/01053130
451,http://dcat-ap.de/def/politicalGeocoding/municipalityKey/01058029
452,http://dcat-ap.de/def/politicalGeocoding/municipalityKey/01057059
453,http://dcat-ap.de/def/politicalGeocoding/municipalityKey/01051057
454,http://dcat-ap.de/def/politicalGeocoding/municipalityKey/01053007
455,http://dcat-ap.de/def/politicalGeocoding/municipalityKey/01058070
456,http://dcat-ap.de/def/politicalGeocoding/municipalityKey/01056051
457,http://dcat-ap.de/def/politicalGeocoding/municipalityKey/01059053
458,http://dcat-ap.de/def/politicalGeocoding/municipalityKey/01058078
459,http://dcat-ap.de/def/politicalGeocoding/municipalityKey/01057051
460,http://dcat-ap.de/def/politicalGeocoding/municipalityKey/01061105
461,http://dcat-ap.de/def/politicalGeocoding/municipalityKey/01056005
462,http://dcat-ap.de/def/politicalGeocoding/municipalityKey/01053099
463,http://dcat-ap.de/def/politicalGeocoding/municipalityKey/01059010
464,http://dcat-ap.de/def/politicalGeocoding/municipalityKey/01058080
465,http://dcat-ap.de/def/politicalGeocoding/municipalityKey/01058014
466,http://dcat-ap.de/def/politicalGeocoding/municipalityKey/01059118
467,http://dcat-ap.de/def/politicalGeocoding/municipalityKey/01057073
468,http://dcat-ap.de/def/politicalGeocoding/municipalityKey/01056006
469,http://dcat-ap.de/def/politicalGeocoding/municipalityKey/01061110
470,http://dcat-ap.de/def/politicalGeocoding/municipalityKey/01058064
471,http://dcat-ap.de/def/politicalGeocoding/municipalityKey/01058118
472,http://dcat-ap.de/def/politicalGeocoding/municipalityKey/01056020
473,http://dcat-ap.de/def/politicalGeocoding/municipalityKey/01051058
474,http://dcat-ap.de/def/politicalGeocoding/municipalityKey/01059137
475,http://dcat-ap.de/def/politicalGeocoding/municipalityKey/01061044
476,http://dcat-ap.de/def/politicalGeocoding/municipalityKey/01058022
477,http://dcat-ap.de/def/politicalGeocoding/municipalityKey/01060049
478,http://dcat-ap.de/def/politicalGeocoding/municipalityKey/01060098
479,http://dcat-ap.de/def/politicalGeocoding/municipalityKey/01054108
480,http://dcat-ap.de/def/politicalGeocoding/municipalityKey/01062022
481,http://dcat-ap.de/def/politicalGeocoding/municipalityKey/01058058
482,http://dcat-ap.de/def/politicalGeocoding/municipalityKey/01055041
483,http://dcat-ap.de/def/politicalGeocoding/municipalityKey/01056029
484,http://dcat-ap.de/def/politicalGeocoding/municipalityKey/01060070
485,http://dcat-ap.de/def/politicalGeocoding/municipalityKey/01059022
486,http://dcat-ap.de/def/politicalGeocoding/municipalAssociationKey/010565616
487,http://dcat-ap.de/def/politicalGeocoding/municipalityKey/01058039
488,http://dcat-ap.de/def/politicalGeocoding/municipalityKey/01053014
489,http://dcat-ap.de/def/politicalGeocoding/municipalityKey/01059145
490,http://dcat-ap.de/def/politicalGeocoding/municipalityKey/01059098
491,http://dcat-ap.de/def/politicalGeocoding/municipalityKey/01058086
492,http://dcat-ap.de/def/politicalGeocoding/municipalityKey/01059026
493,http://dcat-ap.de/def/politicalGeocoding/municipalityKey/01053097
494,http://dcat-ap.de/def/politicalGeocoding/municipalityKey/01057074
495,http://dcat-ap.de/def/politicalGeocoding/municipalityKey/01058122
496,http://dcat-ap.de/def/politicalGeocoding/municipalityKey/01058164
497,http://dcat-ap.de/def/politicalGeocoding/municipalityKey/01059173
498,http://dcat-ap.de/def/politicalGeocoding/municipalityKey/01055024
499,http://dcat-ap.de/def/politicalGeocoding/municipalityKey/01059176
500,http://dcat-ap.de/def/politicalGeocoding/municipalityKey/01058065
501,http://dcat-ap.de/def/politicalGeocoding/municipalityKey/01053009
502,http://dcat-ap.de/def/politicalGeocoding/municipalityKey/01058040
503,http://dcat-ap.de/def/politicalGeocoding/municipalityKey/01057021
504,http://dcat-ap.de/def/politicalGeocoding/municipalityKey/01057009
505,http://dcat-ap.de/def/politicalGeocoding/municipalityKey/01051026
506,http://dcat-ap.de/def/politicalGeocoding/municipalityKey/01059079
507,http://dcat-ap.de/def/politicalGeocoding/municipalityKey/01059092
508,http://dcat-ap.de/def/politicalGeocoding/municipalityKey/01057085
509,http://dcat-ap.de/def/politicalGeocoding/municipalityKey/01056024
510,http://dcat-ap.de/def/politicalGeocoding/municipalityKey/01059023
511,http://dcat-ap.de/def/politicalGeocoding/municipalityKey/01062062
512,http://dcat-ap.de/def/politicalGeocoding/municipalityKey/01058035
513,http://dcat-ap.de/def/politicalGeocoding/municipalityKey/01060020
514,http://dcat-ap.de/def/politicalGeocoding/municipalityKey/01055038
515,http://dcat-ap.de/def/politicalGeocoding/municipalityKey/01060034
516,http://dcat-ap.de/def/politicalGeocoding/municipalityKey/01056028
517,http://dcat-ap.de/def/politicalGeocoding/municipalityKey/01058136
518,http://dcat-ap.de/def/politicalGeocoding/municipalityKey/01056037
519,http://dcat-ap.de/def/politicalGeocoding/municipalityKey/01051130
520,http://dcat-ap.de/def/politicalGeocoding/municipalityKey/01060003
521,http://dcat-ap.de/def/politicalGeocoding/municipalityKey/01053006
522,http://dcat-ap.de/def/politicalGeocoding/municipalityKey/01054068
523,http://dcat-ap.de/def/politicalGeocoding/municipalityKey/01059062
524,http://dcat-ap.de/def/politicalGeocoding/municipalityKey/01060071
525,http://dcat-ap.de/def/politicalGeocoding/municipalityKey/01051122
526,http://dcat-ap.de/def/politicalGeocoding/municipalityKey/01058061
527,http://dcat-ap.de/def/politicalGeocoding/municipalityKey/01059077
528,http://dcat-ap.de/def/politicalGeocoding/municipalityKey/01057070
529,http://dcat-ap.de/def/politicalGeocoding/municipalityKey/01056035
530,http://dcat-ap.de/def/politicalGeocoding/municipalityKey/01057012
531,http://dcat-ap.de/def/politicalGeocoding/municipalityKey/01059073
532,http://dcat-ap.de/def/politicalGeocoding/municipalityKey/01056030
533,http://dcat-ap.de/def/politicalGeocoding/municipalityKey/01058127
534,http://dcat-ap.de/def/politicalGeocoding/municipalityKey/01059024
535,http://dcat-ap.de/def/politicalGeocoding/municipalityKey/01058013
536,http://dcat-ap.de/def/politicalGeocoding/municipalityKey/01057016
537,http://dcat-ap.de/def/politicalGeocoding/municipalityKey/01060054
538,http://dcat-ap.de/def/politicalGeocoding/municipalityKey/01061117
539,http://dcat-ap.de/def/politicalGeocoding/municipalityKey/01057005
540,http://dcat-ap.de/def/politicalGeocoding/municipalityKey/01051092
541,http://dcat-ap.de/def/politicalGeocoding/municipalityKey/01059096
542,http://dcat-ap.de/def/politicalGeocoding/municipalityKey/01062019
543,http://dcat-ap.de/def/politicalGeocoding/municipalityKey/01051038
544,http://dcat-ap.de/def/politicalGeocoding/municipalityKey/01051099
545,http://dcat-ap.de/def/politicalGeocoding/municipalityKey/01060077
546,http://dcat-ap.de/def/politicalGeocoding/municipalityKey/01058052
547,http://dcat-ap.de/def/politicalGeocoding/municipalityKey/01058105
548,http://dcat-ap.de/def/politicalGeocoding/municipalityKey/01051047
549,http://dcat-ap.de/def/politicalGeocoding/municipalityKey/01059090
550,http://dcat-ap.de/def/politicalGeocoding/municipalityKey/01059121
551,http://dcat-ap.de/def/politicalGeocoding/municipalityKey/01058108
552,http://dcat-ap.de/def/politicalGeocoding/municipalityKey/01051019
553,http://dcat-ap.de/def/politicalGeocoding/municipalityKey/01051071
554,http://dcat-ap.de/def/politicalGeocoding/municipalityKey/01059144
555,http://dcat-ap.de/def/politicalGeocoding/municipalityKey/01058112
556,http://dcat-ap.de/def/politicalGeocoding/municipalityKey/01054012
557,http://dcat-ap.de/def/politicalGeocoding/municipalityKey/01058107
558,http://dcat-ap.de/def/politicalGeocoding/municipalityKey/01058033
559,http://dcat-ap.de/def/politicalGeocoding/municipalityKey/01062088
560,http://dcat-ap.de/def/politicalGeocoding/municipalityKey/01059138
561,http://dcat-ap.de/def/politicalGeocoding/municipalityKey/01062036
562,http://dcat-ap.de/def/politicalGeocoding/municipalityKey/01058047
563,http://dcat-ap.de/def/politicalGeocoding/municipalityKey/01058003
564,http://dcat-ap.de/def/politicalGeocoding/municipalityKey/01059005
565,http://dcat-ap.de/def/politicalGeocoding/municipalityKey/01059033
566,http://dcat-ap.de/def/politicalGeocoding/municipalityKey/01061040
567,http://dcat-ap.de/def/politicalGeocoding/municipalityKey/01059183
568,http://dcat-ap.de/def/politicalGeocoding/municipalityKey/01051048
569,http://dcat-ap.de/def/politicalGeocoding/municipalityKey/01058082
570,http://dcat-ap.de/def/politicalGeocoding/municipalityKey/01057060
571,http://dcat-ap.de/def/politicalGeocoding/municipalityKey/01060094
572,http://dcat-ap.de/def/politicalGeocoding/municipalityKey/01059018
573,http://dcat-ap.de/def/politicalGeocoding/municipalityKey/01058137
574,http://dcat-ap.de/def/politicalGeocoding/municipalityKey/01061088
575,http://dcat-ap.de/def/politicalGeocoding/municipalityKey/01055017
576,http://dcat-ap.de/def/politicalGeocoding/municipalityKey/01058090
577,http://dcat-ap.de/def/politicalGeocoding/municipalityKey/01051012
578,http://dcat-ap.de/def/politicalGeocoding/municipalityKey/01059182
579,http://dcat-ap.de/def/politicalGeocoding/municipalityKey/01058121
580,http://dcat-ap.de/def/politicalGeocoding/municipalityKey/01062011
581,http://dcat-ap.de/def/politicalGeocoding/municipalityKey/01058008
582,http://dcat-ap.de/def/politicalGeocoding/municipalityKey/01056031
583,http://dcat-ap.de/def/politicalGeocoding/municipalityKey/01053028
584,http://dcat-ap.de/def/politicalGeocoding/municipalityKey/01062081
585,http://dcat-ap.de/def/politicalGeocoding/municipalityKey/01053107
586,http://dcat-ap.de/def/politicalGeocoding/municipalityKey/01051138
587,http://dcat-ap.de/def/politicalGeocoding/municipalityKey/01061085
588,http://dcat-ap.de/def/politicalGeocoding/municipalityKey/01059179
589,http://dcat-ap.de/def/politicalGeocoding/municipalityKey/01059035
590,http://dcat-ap.de/def/politicalGeocoding/municipalityKey/01056038
591,http://dcat-ap.de/def/politicalGeocoding/municipalityKey/01057013
592,http://dcat-ap.de/def/politicalGeocoding/municipalityKey/01057026
593,http://dcat-ap.de/def/politicalGeocoding/municipalityKey/01062091
594,http://dcat-ap.de/def/politicalGeocoding/municipalityKey/01059132
595,http://dcat-ap.de/def/politicalGeocoding/municipalityKey/01057049
596,http://dcat-ap.de/def/politicalGeocoding/municipalityKey/01059016
597,http://dcat-ap.de/def/politicalGeocoding/municipalityKey/01053069
598,http://dcat-ap.de/def/politicalGeocoding/municipalityKey/01059184
599,http://dcat-ap.de/def/politicalGeocoding/municipalityKey/01053111
600,http://dcat-ap.de/def/politicalGeocoding/municipalityKey/01060085
601,http://dcat-ap.de/def/politicalGeocoding/municipalityKey/01059115
602,http://dcat-ap.de/def/politicalGeocoding/municipalityKey/01058150
603,http://dcat-ap.de/def/politicalGeocoding/municipalityKey/01060080
604,http://dcat-ap.de/def/politicalGeocoding/municipalityKey/01057001
605,http://dcat-ap.de/def/politicalGeocoding/municipalityKey/01057079
606,http://dcat-ap.de/def/politicalGeocoding/municipalityKey/01056019
607,http://dcat-ap.de/def/politicalGeocoding/municipalityKey/01051082
608,http://dcat-ap.de/def/politicalGeocoding/municipalityKey/01057017
609,http://dcat-ap.de/def/politicalGeocoding/municipalityKey/01058169
610,http://dcat-ap.de/def/politicalGeocoding/municipalityKey/01051062
611,http://dcat-ap.de/def/politicalGeocoding/municipalityKey/01055042
612,http://dcat-ap.de/def/politicalGeocoding/municipalityKey/01060097
613,http://dcat-ap.de/def/politicalGeocoding/municipalityKey/01058171
614,http://dcat-ap.de/def/politicalGeocoding/municipalityKey/01055020
615,http://dcat-ap.de/def/politicalGeocoding/municipalityKey/01057045
616,http://dcat-ap.de/def/politicalGeocoding/municipalityKey/01057087
617,http://dcat-ap.de/def/politicalGeocoding/municipalityKey/01059131
618,http://dcat-ap.de/def/politicalGeocoding/municipalityKey/01058027
619,http://dcat-ap.de/def/politicalGeocoding/municipalityKey/01051003
620,http://dcat-ap.de/def/politicalGeocoding/municipalityKey/01057004
621,http://dcat-ap.de/def/politicalGeocoding/municipalityKey/01056033
622,http://dcat-ap.de/def/politicalGeocoding/municipalityKey/01062027
623,http://dcat-ap.de/def/politicalGeocoding/municipalityKey/01057047
624,http://dcat-ap.de/def/politicalGeocoding/municipalityKey/01051015
625,http://dcat-ap.de/def/politicalGeocoding/municipalityKey/01062092
626,http://dcat-ap.de/def/politicalGeocoding/municipalityKey/01058049
627,http://dcat-ap.de/def/politicalGeocoding/municipalityKey/01061072
628,http://dcat-ap.de/def/politicalGeocoding/municipalityKey/01059020
629,http://dcat-ap.de/def/politicalGeocoding/municipalityKey/01058016
630,http://dcat-ap.de/def/politicalGeocoding/municipalityKey/01062014
631,http://dcat-ap.de/def/politicalGeocoding/municipalityKey/01060029
632,http://dcat-ap.de/def/politicalGeocoding/municipalityKey/01059169
633,http://dcat-ap.de/def/politicalGeocoding/municipalityKey/01060030
634,http://dcat-ap.de/def/politicalGeocoding/municipalityKey/01059148
635,http://dcat-ap.de/def/politicalGeocoding/municipalityKey/01061079
636,http://dcat-ap.de/def/politicalGeocoding/municipalityKey/01057022
637,http://dcat-ap.de/def/politicalGeocoding/municipalityKey/01054154
638,http://dcat-ap.de/def/politicalGeocoding/municipalityKey/01051022
639,http://dcat-ap.de/def/politicalGeocoding/municipalityKey/01057030
640,http://dcat-ap.de/def/politicalGeocoding/municipalityKey/01054075
641,http://dcat-ap.de/def/politicalGeocoding/municipalityKey/01058147
642,http://dcat-ap.de/def/politicalGeocoding/municipalityKey/01058102
643,http://dcat-ap.de/def/politicalGeocoding/municipalityKey/01056045
644,http://dcat-ap.de/def/politicalGeocoding/municipalityKey/01059116
645,http://dcat-ap.de/def/politicalGeocoding/municipalityKey/01053131
646,http://dcat-ap.de/def/politicalGeocoding/municipalityKey/01059157
647,http://dcat-ap.de/def/politicalGeocoding/municipalityKey/01056046
648,http://dcat-ap.de/def/politicalGeocoding/municipalityKey/01060023
649,http://dcat-ap.de/def/politicalGeocoding/municipalityKey/01051013
650,http://dcat-ap.de/def/politicalGeocoding/municipalityKey/01060042
651,http://dcat-ap.de/def/politicalGeocoding/municipalityKey/01057065
652,http://dcat-ap.de/def/politicalGeocoding/municipalityKey/01060082
653,http://dcat-ap.de/def/politicalGeocoding/municipalityKey/01051037
654,http://dcat-ap.de/def/politicalGeocoding/municipalityKey/01059123
655,http://dcat-ap.de/def/politicalGeocoding/municipalityKey/01051134
656,http://dcat-ap.de/def/politicalGeocoding/municipalityKey/01059068
657,http://dcat-ap.de/def/politicalGeocoding/municipalityKey/01051110
658,http://dcat-ap.de/def/politicalGeocoding/municipalityKey/01058028
659,http://dcat-ap.de/def/politicalGeocoding/municipalityKey/01051051
660,http://dcat-ap.de/def/politicalGeocoding/municipalityKey/01058066
661,http://dcat-ap.de/def/politicalGeocoding/municipalityKey/01058069
662,http://dcat-ap.de/def/politicalGeocoding/municipalityKey/01059163
663,http://dcat-ap.de/def/politicalGeocoding/municipalityKey/01059143
664,http://dcat-ap.de/def/politicalGeocoding/municipalityKey/01060060
665,http://dcat-ap.de/def/politicalGeocoding/municipalityKey/01057067
666,http://dcat-ap.de/def/politicalGeocoding/municipalityKey/01053101
667,http://dcat-ap.de/def/politicalGeocoding/municipalityKey/01058126
668,http://dcat-ap.de/def/politicalGeocoding/municipalityKey/01060017
669,http://dcat-ap.de/def/politicalGeocoding/municipalityKey/01057058
670,http://dcat-ap.de/def/politicalGeocoding/municipalityKey/01053002
671,http://dcat-ap.de/def/politicalGeocoding/municipalityKey/01058050
672,http://dcat-ap.de/def/politicalGeocoding/municipalityKey/01061028
673,http://dcat-ap.de/def/politicalGeocoding/municipalityKey/01053048
674,http://dcat-ap.de/def/politicalGeocoding/municipalityKey/01057029
675,http://dcat-ap.de/def/politicalGeocoding/municipalityKey/01056040
676,http://dcat-ap.de/def/politicalGeocoding/municipalityKey/01056047
677,http://dcat-ap.de/def/politicalGeocoding/municipalityKey/01057084
678,http://dcat-ap.de/def/politicalGeocoding/municipalityKey/01057027
679,http://dcat-ap.de/def/politicalGeocoding/municipalityKey/01057003
680,http://dcat-ap.de/def/politicalGeocoding/municipalityKey/01051032
681,http://dcat-ap.de/def/politicalGeocoding/municipalityKey/01058038
682,http://dcat-ap.de/def/politicalGeocoding/municipalityKey/01057007
683,http://dcat-ap.de/def/politicalGeocoding/municipalityKey/01059043
684,http://dcat-ap.de/def/politicalGeocoding/municipalityKey/01055010
685,http://dcat-ap.de/def/politicalGeocoding/municipalityKey/01054096
686,http://dcat-ap.de/def/politicalGeocoding/municipalityKey/01061095
687,http://dcat-ap.de/def/politicalGeocoding/municipalityKey/01061018
688,http://dcat-ap.de/def/politicalGeocoding/municipalityKey/01060015
689,http://dcat-ap.de/def/politicalGeocoding/municipalityKey/01058141
690,http://dcat-ap.de/def/politicalGeocoding/municipalityKey/01053019
691,http://dcat-ap.de/def/politicalGeocoding/municipalityKey/01058099
692,http://dcat-ap.de/def/politicalGeocoding/municipalityKey/01051089
693,http://dcat-ap.de/def/politicalGeocoding/municipalityKey/01060099
694,http://dcat-ap.de/def/politicalGeocoding/municipalityKey/01060069
695,http://dcat-ap.de/def/politicalGeocoding/municipalityKey/01060079
696,http://dcat-ap.de/def/politicalGeocoding/municipalityKey/01059177
697,http://dcat-ap.de/def/politicalGeocoding/municipalityKey/01059085 
698,http://dcat-ap.de/def/politicalGeocoding/municipalityKey/01062025
699,http://dcat-ap.de/def/politicalGeocoding/municipalityKey/01053008
700,http://dcat-ap.de/def/politicalGeocoding/municipalityKey/01051024
701,http://dcat-ap.de/def/politicalGeocoding/municipalityKey/01059178
702,http://dcat-ap.de/def/politicalGeocoding/municipalityKey/01056036
703,http://dcat-ap.de/def/politicalGeocoding/municipalityKey/01053075
704,http://dcat-ap.de/def/politicalGeocoding/municipalityKey/01060066
705,http://dcat-ap.de/def/politicalGeocoding/municipalityKey/01061011
706,http://dcat-ap.de/def/politicalGeocoding/municipalityKey/01061019
707,http://dcat-ap.de/def/politicalGeocoding/municipalityKey/01054106
708,http://dcat-ap.de/def/politicalGeocoding/municipalityKey/01059103
709,http://dcat-ap.de/def/politicalGeocoding/municipalityKey/01053088
710,http://dcat-ap.de/def/politicalGeocoding/municipalityKey/01058084
711,http://dcat-ap.de/def/politicalGeocoding/municipalityKey/01057008
712,http://dcat-ap.de/def/politicalGeocoding/municipalityKey/01059180
713,http://dcat-ap.de/def/politicalGeocoding/municipalityKey/01059152
714,http://dcat-ap.de/def/politicalGeocoding/municipalityKey/01057077
715,http://dcat-ap.de/def/politicalGeocoding/municipalityKey/01057080
716,http://dcat-ap.de/def/politicalGeocoding/municipalityKey/01053095
717,http://dcat-ap.de/def/politicalGeocoding/municipalityKey/01060028
718,http://dcat-ap.de/def/politicalGeocoding/municipalityKey/01059086
719,http://dcat-ap.de/def/politicalGeocoding/municipalityKey/01060045
720,http://dcat-ap.de/def/politicalGeocoding/municipalityKey/01058044
721,http://dcat-ap.de/def/politicalGeocoding/municipalityKey/01051064
722,http://dcat-ap.de/def/politicalGeocoding/municipalityKey/01058139
723,http://dcat-ap.de/def/politicalGeocoding/municipalityKey/01051004
724,http://dcat-ap.de/def/politicalGeocoding/municipalityKey/01058156
725,http://dcat-ap.de/def/politicalGeocoding/municipalityKey/01062005
726,http://dcat-ap.de/def/politicalGeocoding/municipalityKey/01053096
727,http://dcat-ap.de/def/politicalGeocoding/municipalityKey/01058168
728,http://dcat-ap.de/def/politicalGeocoding/municipalityKey/01053118
729,http://dcat-ap.de/def/politicalGeocoding/municipalityKey/01059124
730,http://dcat-ap.de/def/politicalGeocoding/municipalityKey/01058081
731,http://dcat-ap.de/def/politicalGeocoding/municipalityKey/01053079
732,http://dcat-ap.de/def/politicalGeocoding/municipalityKey/01059168
733,http://dcat-ap.de/def/politicalGeocoding/municipalityKey/01062021
734,http://dcat-ap.de/def/politicalGeocoding/municipalityKey/01055011
735,http://dcat-ap.de/def/politicalGeocoding/municipalityKey/01058030
736,http://dcat-ap.de/def/politicalGeocoding/municipalityKey/01051046
737,http://dcat-ap.de/def/politicalGeocoding/municipalityKey/01051010
738,http://dcat-ap.de/def/politicalGeocoding/municipalityKey/01059041
739,http://dcat-ap.de/def/politicalGeocoding/municipalityKey/01054009
740,http://dcat-ap.de/def/politicalGeocoding/municipalityKey/01058067
741,http://dcat-ap.de/def/politicalGeocoding/municipalityKey/01053076
742,http://dcat-ap.de/def/politicalGeocoding/municipalityKey/01056032
743,http://dcat-ap.de/def/politicalGeocoding/municipalityKey/01053053
744,http://dcat-ap.de/def/politicalGeocoding/municipalityKey/01058018
745,http://dcat-ap.de/def/politicalGeocoding/municipalityKey/01053093
746,http://dcat-ap.de/def/politicalGeocoding/municipalityKey/01058116
747,http://dcat-ap.de/def/politicalGeocoding/municipalityKey/01060072
748,http://dcat-ap.de/def/politicalGeocoding/municipalityKey/01051136
749,http://dcat-ap.de/def/politicalGeocoding/municipalityKey/01058004
750,http://dcat-ap.de/def/politicalGeocoding/municipalityKey/01058012
751,http://dcat-ap.de/def/politicalGeocoding/municipalityKey/01051076
752,http://dcat-ap.de/def/politicalGeocoding/municipalityKey/01058162
753,http://dcat-ap.de/def/politicalGeocoding/municipalityKey/01058174
754,http://dcat-ap.de/def/politicalGeocoding/municipalityKey/01059051
755,http://dcat-ap.de/def/politicalGeocoding/municipalityKey/01059151
756,http://dcat-ap.de/def/politicalGeocoding/municipalityKey/01061092
757,http://dcat-ap.de/def/politicalGeocoding/municipalityKey/01062086
758,http://dcat-ap.de/def/politicalGeocoding/municipalityKey/01058024
759,http://dcat-ap.de/def/politicalGeocoding/municipalityKey/01051093
760,http://dcat-ap.de/def/politicalGeocoding/municipalityKey/01060101
761,http://dcat-ap.de/def/politicalGeocoding/municipalityKey/01056026
762,http://dcat-ap.de/def/politicalGeocoding/municipalityKey/01061008
763,http://dcat-ap.de/def/politicalGeocoding/municipalityKey/01061045
764,http://dcat-ap.de/def/politicalGeocoding/municipalityKey/01061052
765,http://dcat-ap.de/def/politicalGeocoding/municipalityKey/01061059
766,http://dcat-ap.de/def/politicalGeocoding/municipalityKey/01061070
767,http://dcat-ap.de/def/politicalGeocoding/municipalityKey/01061082
768,http://dcat-ap.de/def/politicalGeocoding/municipalityKey/01061112
769,http://dcat-ap.de/def/politicalGeocoding/municipalityKey/01051087
770,http://dcat-ap.de/def/politicalGeocoding/municipalityKey/01061080
771,http://dcat-ap.de/def/politicalGeocoding/municipalityKey/01059049
772,http://dcat-ap.de/def/politicalGeocoding/municipalityKey/01053013
773,http://dcat-ap.de/def/politicalGeocoding/municipalityKey/01061043
774,http://dcat-ap.de/def/politicalGeocoding/municipalityKey/01054105
775,http://dcat-ap.de/def/politicalGeocoding/municipalityKey/01054165
776,http://dcat-ap.de/def/politicalGeocoding/municipalityKey/01053011
779,http://dcat-ap.de/def/politicalGeocoding/municipalAssociationKey/010595949
781,http://dcat-ap.de/def/politicalGeocoding/municipalityKey/01059181 
782,http://dcat-ap.de/def/politicalGeocoding/municipalityKey/01054146
783,http://dcat-ap.de/def/politicalGeocoding/municipalityKey/01061057
787,http://dcat-ap.de/def/politicalGeocoding/municipalAssociationKey/010535323
788,http://dcat-ap.de/def/politicalGeocoding/municipalityKey/01054016
789,http://dcat-ap.de/def/politicalGeocoding/municipalityKey/01059159
790,http://dcat-ap.de/def/politicalGeocoding/municipalityKey/01053074
791,http://dcat-ap.de/def/politicalGeocoding/municipalityKey/01054038
792,http://dcat-ap.de/def/politicalGeocoding/municipalityKey/01054007
793,http://dcat-ap.de/def/politicalGeocoding/municipalityKey/01054159
794,http://dcat-ap.de/def/politicalGeocoding/municipalityKey/01060021
795,http://dcat-ap.de/def/politicalGeocoding/municipalityKey/01059078
796,http://dcat-ap.de/def/politicalGeocoding/municipalityKey/01053115
797,http://dcat-ap.de/def/politicalGeocoding/municipalityKey/01054099
798,http://dcat-ap.de/def/politicalGeocoding/municipalityKey/01059129
799,http://dcat-ap.de/def/politicalGeocoding/municipalityKey/01059105
800,http://dcat-ap.de/def/politicalGeocoding/municipalityKey/01061098
801,http://dcat-ap.de/def/politicalGeocoding/municipalityKey/01058130
802,http://dcat-ap.de/def/politicalGeocoding/municipalityKey/01059034
803,http://dcat-ap.de/def/politicalGeocoding/municipalityKey/01059038
804,http://dcat-ap.de/def/politicalGeocoding/municipalityKey/01051079
805,http://dcat-ap.de/def/politicalGeocoding/municipalityKey/01060076
806,http://dcat-ap.de/def/politicalGeocoding/municipalAssociationKey/010545411
807,http://dcat-ap.de/def/politicalGeocoding/municipalAssociationKey/010585876
808,http://dcat-ap.de/def/politicalGeocoding/municipalityKey/01054054
809,http://dcat-ap.de/def/politicalGeocoding/municipalityKey/01061087
810,http://dcat-ap.de/def/politicalGeocoding/municipalityKey/01061048
811,http://dcat-ap.de/def/politicalGeocoding/municipalityKey/01060088
812,http://dcat-ap.de/def/politicalGeocoding/municipalityKey/01054024
813,http://dcat-ap.de/def/politicalGeocoding/municipalityKey/01059126
814,http://dcat-ap.de/def/politicalGeocoding/municipalityKey/01062065
815,http://dcat-ap.de/def/politicalGeocoding/municipalityKey/01056042
816,http://dcat-ap.de/def/politicalGeocoding/municipalityKey/01061100
817,http://dcat-ap.de/def/politicalGeocoding/municipalityKey/01053073
818,http://dcat-ap.de/def/politicalGeocoding/municipalityKey/01058110
819,http://dcat-ap.de/def/politicalGeocoding/municipalityKey/01060016
820,http://dcat-ap.de/def/politicalGeocoding/municipalityKey/01059147
821,http://dcat-ap.de/def/politicalGeocoding/municipalityKey/01057052
822,http://dcat-ap.de/def/politicalGeocoding/municipalityKey/01058134
823,http://dcat-ap.de/def/politicalGeocoding/municipalityKey/01061039
824,http://dcat-ap.de/def/politicalGeocoding/municipalityKey/01058089
825,http://dcat-ap.de/def/politicalGeocoding/municipalityKey/01054157
826,http://dcat-ap.de/def/politicalGeocoding/municipalityKey/01055046
827,http://dcat-ap.de/def/politicalGeocoding/municipalityKey/01059154
828,http://dcat-ap.de/def/politicalGeocoding/municipalityKey/01059162
829,http://dcat-ap.de/def/politicalGeocoding/municipalityKey/01053125
830,http://dcat-ap.de/def/politicalGeocoding/municipalityKey/01058167
831,http://dcat-ap.de/def/politicalGeocoding/municipalityKey/01051132
832,http://dcat-ap.de/def/politicalGeocoding/municipalityKey/01057039
833,http://dcat-ap.de/def/politicalGeocoding/municipalityKey/01058010
834,http://dcat-ap.de/def/politicalGeocoding/municipalityKey/01058055
835,http://dcat-ap.de/def/politicalGeocoding/municipalityKey/01061119
836,http://dcat-ap.de/def/politicalGeocoding/municipalityKey/01061035
837,http://dcat-ap.de/def/politicalGeocoding/municipalityKey/01054071
838,http://dcat-ap.de/def/politicalGeocoding/municipalityKey/01060040
839,http://dcat-ap.de/def/politicalGeocoding/municipalityKey/01061033
840,http://dcat-ap.de/def/politicalGeocoding/municipalityKey/01058119
841,http://dcat-ap.de/def/politicalGeocoding/municipalityKey/01060100
842,http://dcat-ap.de/def/politicalGeocoding/municipalityKey/01054080
843,http://dcat-ap.de/def/politicalGeocoding/municipalityKey/01051060
844,http://dcat-ap.de/def/politicalGeocoding/municipalityKey/01056011
845,http://dcat-ap.de/def/politicalGeocoding/municipalityKey/01056034
846,http://dcat-ap.de/def/politicalGeocoding/municipalityKey/01060026
847,http://dcat-ap.de/def/politicalGeocoding/municipalityKey/01060008
848,http://dcat-ap.de/def/politicalGeocoding/municipalityKey/01061001
849,http://dcat-ap.de/def/politicalGeocoding/municipalityKey/01053017
850,http://dcat-ap.de/def/politicalGeocoding/municipalityKey/01053092
851,http://dcat-ap.de/def/politicalGeocoding/municipalityKey/01054045
852,http://dcat-ap.de/def/politicalGeocoding/municipalityKey/01057086
853,http://dcat-ap.de/def/politicalGeocoding/municipalityKey/01058173
854,http://dcat-ap.de/def/politicalGeocoding/municipalityKey/01054161
855,http://dcat-ap.de/def/politicalGeocoding/municipalityKey/01051109
856,http://dcat-ap.de/def/politicalGeocoding/municipalityKey/01053126
857,http://dcat-ap.de/def/politicalGeocoding/municipalityKey/01054141
858,http://dcat-ap.de/def/politicalGeocoding/municipalityKey/01062032
859,http://dcat-ap.de/def/politicalGeocoding/municipalityKey/01060013
860,http://dcat-ap.de/def/politicalGeocoding/municipalityKey/01055015
861,http://dcat-ap.de/def/politicalGeocoding/municipalityKey/01051049
862,http://dcat-ap.de/def/politicalGeocoding/municipalAssociationKey/010595910
863,http://dcat-ap.de/def/politicalGeocoding/municipalityKey/01060052
864,http://dcat-ap.de/def/politicalGeocoding/municipalityKey/01059014
865,http://dcat-ap.de/def/politicalGeocoding/municipalityKey/01058125
866,http://dcat-ap.de/def/politicalGeocoding/municipalityKey/01054163
867,http://dcat-ap.de/def/politicalGeocoding/municipalityKey/01057031
868,http://dcat-ap.de/def/politicalGeocoding/municipalityKey/01057011
869,http://dcat-ap.de/def/politicalGeocoding/municipalityKey/01060064
870,http://dcat-ap.de/def/politicalGeocoding/municipalityKey/01057066
871,http://dcat-ap.de/def/politicalGeocoding/municipalityKey/01057041
872,http://dcat-ap.de/def/politicalGeocoding/municipalityKey/01057020
873,http://dcat-ap.de/def/politicalGeocoding/municipalityKey/01051113
874,http://dcat-ap.de/def/politicalGeocoding/municipalityKey/01057044
875,http://dcat-ap.de/def/politicalGeocoding/municipalityKey/01058057
876,http://dcat-ap.de/def/politicalGeocoding/municipalityKey/01060038
877,http://dcat-ap.de/def/politicalGeocoding/municipalAssociationKey/010545450
882,http://dcat-ap.de/def/politicalGeocoding/municipalityKey/01059081
883,http://dcat-ap.de/def/politicalGeocoding/municipalityKey/01053091
884,http://dcat-ap.de/def/politicalGeocoding/municipalityKey/01062003
885,http://dcat-ap.de/def/politicalGeocoding/municipalityKey/01060048
886,http://dcat-ap.de/def/politicalGeocoding/municipalityKey/01060025
887,http://dcat-ap.de/def/politicalGeocoding/municipalityKey/01057015
888,http://dcat-ap.de/def/politicalGeocoding/municipalityKey/01058145
889,http://dcat-ap.de/def/politicalGeocoding/municipalityKey/01053119
890,http://dcat-ap.de/def/politicalGeocoding/municipalityKey/01060075
891,http://dcat-ap.de/def/politicalGeocoding/municipalityKey/01053117
892,http://dcat-ap.de/def/politicalGeocoding/municipalityKey/01057002
893,http://dcat-ap.de/def/politicalGeocoding/municipalityKey/01060024
894,http://dcat-ap.de/def/politicalGeocoding/municipalAssociationKey/010605086
895,http://dcat-ap.de/def/politicalGeocoding/municipalityKey/01054128
896,http://dcat-ap.de/def/politicalGeocoding/municipalityKey/01062051
897,http://dcat-ap.de/def/politicalGeocoding/municipalityKey/01062026
898,http://dcat-ap.de/def/politicalGeocoding/municipalityKey/01058059
899,http://dcat-ap.de/def/politicalGeocoding/municipalityKey/01058011
900,http://dcat-ap.de/def/politicalGeocoding/municipalityKey/01060074
901,http://dcat-ap.de/def/politicalGeocoding/municipalityKey/01054156
902,http://dcat-ap.de/def/politicalGeocoding/municipalityKey/01062083
903,http://dcat-ap.de/def/politicalGeocoding/municipalityKey/01057028
904,http://dcat-ap.de/def/politicalGeocoding/municipalityKey/01054095
905,http://dcat-ap.de/def/politicalGeocoding/municipalityKey/01054134
906,http://dcat-ap.de/def/politicalGeocoding/municipalityKey/01059102
907,http://dcat-ap.de/def/politicalGeocoding/municipalityKey/01058019
908,http://dcat-ap.de/def/politicalGeocoding/municipalityKey/01058045
909,http://dcat-ap.de/def/politicalGeocoding/municipalityKey/01059141
910,http://dcat-ap.de/def/politicalGeocoding/municipalityKey/01060095
911,http://dcat-ap.de/def/politicalGeocoding/municipalityKey/01059063
912,http://dcat-ap.de/def/politicalGeocoding/municipalityKey/01058132
913,http://dcat-ap.de/def/politicalGeocoding/municipalityKey/01053037
915,http://dcat-ap.de/def/politicalGeocoding/municipalityKey/01060041
918,http://dcat-ap.de/def/politicalGeocoding/municipalityKey/01057033
919,http://dcat-ap.de/def/politicalGeocoding/municipalityKey/01060051
921,http://dcat-ap.de/def/politicalGeocoding/municipalityKey/01053062
923,http://dcat-ap.de/def/politicalGeocoding/municipalityKey/01053010
924,http://dcat-ap.de/def/politicalGeocoding/municipalityKey/01053109
925,http://dcat-ap.de/def/politicalGeocoding/municipalityKey/01058120
926,http://dcat-ap.de/def/politicalGeocoding/municipalAssociationKey/010535391
927,http://dcat-ap.de/def/politicalGeocoding/municipalAssociationKey/010585893
928,http://dcat-ap.de/def/politicalGeocoding/municipalAssociationKey/010545489
929,http://dcat-ap.de/def/politicalGeocoding/municipalAssociationKey/010585890
930,http://dcat-ap.de/def/politicalGeocoding/municipalAssociationKey/010595949
931,http://dcat-ap.de/def/politicalGeocoding/municipalityKey/01054131
932,http://dcat-ap.de/def/politicalGeocoding/municipalAssociationKey/010595990
933,http://dcat-ap.de/def/politicalGeocoding/municipalityKey/01062094
934,http://dcat-ap.de/def/politicalGeocoding/municipalityKey/01059093
935,http://dcat-ap.de/def/politicalGeocoding/municipalityKey/01057037
936,http://dcat-ap.de/def/politicalGeocoding/municipalAssociationKey/010595993
937,http://dcat-ap.de/def/politicalGeocoding/municipalAssociationKey/010595996
938,http://dcat-ap.de/def/politicalGeocoding/municipalAssociationKey/010515172
939,http://dcat-ap.de/def/politicalGeocoding/municipalityKey/01062048
940,http://dcat-ap.de/def/politicalGeocoding/municipalityKey/01062087
941,http://dcat-ap.de/def/politicalGeocoding/municipalAssociationKey/010575775
942,http://dcat-ap.de/def/politicalGeocoding/municipalityKey/01055025
943,http://dcat-ap.de/def/politicalGeocoding/municipalityKey/01058133
944,http://dcat-ap.de/def/politicalGeocoding/municipalityKey/01058143
945,http://dcat-ap.de/def/politicalGeocoding/municipalityKey/01061077
946,http://dcat-ap.de/def/politicalGeocoding/municipalityKey/01059187
948,http://dcat-ap.de/def/politicalGeocoding/municipalAssociationKey/010515178
949,http://dcat-ap.de/def/politicalGeocoding/municipalityKey/01058104
950,http://dcat-ap.de/def/politicalGeocoding/municipalityKey/01060022
951,http://dcat-ap.de/def/politicalGeocoding/municipalAssociationKey/010555591
952,http://dcat-ap.de/def/politicalGeocoding/municipalityKey/01053136
953,http://dcat-ap.de/def/politicalGeocoding/municipalityKey/01057091
954,http://dcat-ap.de/def/politicalGeocoding/municipalityKey/01051098
955,http://dcat-ap.de/def/politicalGeocoding/municipalityKey/01053022
956,http://dcat-ap.de/def/politicalGeocoding/municipalityKey/01058113
957,http://dcat-ap.de/def/politicalGeocoding/municipalityKey/01056016
958,http://dcat-ap.de/def/politicalGeocoding/municipalityKey/01053127
959,http://dcat-ap.de/def/politicalGeocoding/municipalityKey/01061114
960,http://dcat-ap.de/def/politicalGeocoding/municipalityKey/01059082
961,http://dcat-ap.de/def/politicalGeocoding/municipalityKey/01053067
962,http://dcat-ap.de/def/politicalGeocoding/municipalAssociationKey/010515175
963,http://dcat-ap.de/def/politicalGeocoding/municipalityKey/01053064
964,http://dcat-ap.de/def/politicalGeocoding/municipalityKey/01059183
965,http://dcat-ap.de/def/politicalGeocoding/municipalityKey/01053061
966,http://dcat-ap.de/def/politicalGeocoding/municipalAssociationKey/010585889
967,http://dcat-ap.de/def/politicalGeocoding/municipalityKey/01051028
968,http://dcat-ap.de/def/politicalGeocoding/municipalityKey/01058087
969,http://dcat-ap.de/def/politicalGeocoding/municipalityKey/01058175
970,http://dcat-ap.de/def/politicalGeocoding/municipalityKey/01053021
971,http://dcat-ap.de/def/politicalGeocoding/municipalAssociationKey/010585824
972,http://dcat-ap.de/def/politicalGeocoding/municipalityKey/01053080
973,http://dcat-ap.de/def/politicalGeocoding/municipalityKey/01058098
974,http://dcat-ap.de/def/politicalGeocoding/municipalityKey/01055022
975,http://dcat-ap.de/def/politicalGeocoding/municipalityKey/01061021
976,http://dcat-ap.de/def/politicalGeocoding/municipalityKey/01062058
977,http://dcat-ap.de/def/politicalGeocoding/municipalityKey/01058153
978,http://dcat-ap.de/def/politicalGeocoding/municipalityKey/01054119
979,http://dcat-ap.de/def/politicalGeocoding/municipalityKey/01058076
980,http://dcat-ap.de/def/politicalGeocoding/municipalAssociationKey/010515163
981,http://dcat-ap.de/def/politicalGeocoding/municipalityKey/01057050
982,http://dcat-ap.de/def/politicalGeocoding/municipalityKey/01058109
983,http://dcat-ap.de/def/politicalGeocoding/municipalityKey/01057089
984,http://dcat-ap.de/def/politicalGeocoding/municipalityKey/01060056
985,http://dcat-ap.de/def/politicalGeocoding/municipalityKey/01061064
986,http://dcat-ap.de/def/politicalGeocoding/municipalityKey/01051139
987,http://dcat-ap.de/def/politicalGeocoding/municipalityKey/01058071
988,http://dcat-ap.de/def/politicalGeocoding/municipalityKey/01058155
989,http://dcat-ap.de/def/politicalGeocoding/municipalityKey/01061063
990,http://dcat-ap.de/def/politicalGeocoding/municipalityKey/01060033
991,http://dcat-ap.de/def/politicalGeocoding/municipalityKey/01059084
992,http://dcat-ap.de/def/politicalGeocoding/municipalityKey/01053110
993,http://dcat-ap.de/def/politicalGeocoding/municipalAssociationKey/010515166
994,http://dcat-ap.de/def/politicalGeocoding/municipalityKey/01059101
995,http://dcat-ap.de/def/politicalGeocoding/municipalityKey/01053059
997,http://dcat-ap.de/def/politicalGeocoding/municipalityKey/01053128
998,http://dcat-ap.de/def/politicalGeocoding/municipalityKey/01058042
999,http://dcat-ap.de/def/politicalGeocoding/municipalityKey/01057023
1000,http://dcat-ap.de/def/politicalGeocoding/municipalAssociationKey/010605024
1001,http://dcat-ap.de/def/politicalGeocoding/municipalityKey/01059047 
1002,http://dcat-ap.de/def/politicalGeocoding/municipalAssociationKey/010515169
1003,http://dcat-ap.de/def/politicalGeocoding/municipalityKey/01051114
1004,http://dcat-ap.de/def/politicalGeocoding/municipalityKey/01061076
1005,http://dcat-ap.de/def/politicalGeocoding/municipalityKey/01054023
1006,http://dcat-ap.de/def/politicalGeocoding/municipalityKey/01053042
1007,http://dcat-ap.de/def/politicalGeocoding/municipalityKey/01058163
1008,http://dcat-ap.de/def/politicalGeocoding/municipalityKey/01053123
1009,http://dcat-ap.de/def/politicalGeocoding/municipalityKey/01060050
1010,http://dcat-ap.de/def/politicalGeocoding/municipalityKey/01053134
1011,http://dcat-ap.de/def/politicalGeocoding/municipalityKey/01061103
1012,http://dcat-ap.de/def/politicalGeocoding/municipalityKey/01053103
1013,http://dcat-ap.de/def/politicalGeocoding/municipalAssociationKey/010575785
1014,http://dcat-ap.de/def/politicalGeocoding/municipalityKey/01053094
1015,http://dcat-ap.de/def/politicalGeocoding/municipalityKey/01054020
1016,http://dcat-ap.de/def/politicalGeocoding/municipalityKey/01053060
1017,http://dcat-ap.de/def/politicalGeocoding/municipalityKey/01053114
1018,http://dcat-ap.de/def/politicalGeocoding/municipalityKey/01054042
1019,http://dcat-ap.de/def/politicalGeocoding/municipalAssociationKey/010615189
1020,http://dcat-ap.de/def/politicalGeocoding/municipalityKey/01054140
1021,http://dcat-ap.de/def/politicalGeocoding/municipalityKey/01057006
1022,http://dcat-ap.de/def/politicalGeocoding/municipalityKey/01054123
1023,http://dcat-ap.de/def/politicalGeocoding/municipalityKey/01055014
1024,http://dcat-ap.de/def/politicalGeocoding/municipalityKey/01059155
1025,http://dcat-ap.de/def/politicalGeocoding/municipalityKey/01053106
1026,http://dcat-ap.de/def/politicalGeocoding/municipalityKey/01059095
1027,http://dcat-ap.de/def/politicalGeocoding/municipalityKey/01061036
1028,http://dcat-ap.de/def/politicalGeocoding/municipalityKey/01053086
1029,http://dcat-ap.de/def/politicalGeocoding/municipalityKey/01053104
1030,http://dcat-ap.de/def/politicalGeocoding/municipalityKey/01058165
1031,http://dcat-ap.de/def/politicalGeocoding/municipalityKey/01053121
1032,http://dcat-ap.de/def/politicalGeocoding/municipalityKey/01059006
1033,http://dcat-ap.de/def/politicalGeocoding/municipalityKey/01051135
1034,http://dcat-ap.de/def/politicalGeocoding/municipalityKey/01057076
1035,http://dcat-ap.de/def/politicalGeocoding/municipalityKey/01059032
1036,http://dcat-ap.de/def/politicalGeocoding/municipalityKey/01060037
1037,http://dcat-ap.de/def/politicalGeocoding/municipalityKey/01057078
1038,http://dcat-ap.de/def/politicalGeocoding/municipalityKey/01058144
1039,http://dcat-ap.de/def/politicalGeocoding/municipalityKey/01053051
1040,http://dcat-ap.de/def/politicalGeocoding/municipalityKey/01059056
1041,http://dcat-ap.de/def/politicalGeocoding/municipalityKey/01054097
1042,http://dcat-ap.de/def/politicalGeocoding/municipalityKey/01053034
1043,http://dcat-ap.de/def/politicalGeocoding/municipalityKey/01057090
1044,http://dcat-ap.de/def/politicalGeocoding/municipalityKey/01058032
1045,http://dcat-ap.de/def/politicalGeocoding/municipalityKey/01058051
1046,http://dcat-ap.de/def/politicalGeocoding/municipalityKey/01053039
1047,http://dcat-ap.de/def/politicalGeocoding/municipalityKey/01058131
1048,http://dcat-ap.de/def/politicalGeocoding/municipalAssociationKey/010575727
1049,http://dcat-ap.de/def/politicalGeocoding/municipalityKey/01053036
1050,http://dcat-ap.de/def/politicalGeocoding/municipalityKey/01057068
1051,http://dcat-ap.de/def/politicalGeocoding/municipalityKey/01061102
1052,http://dcat-ap.de/def/politicalGeocoding/municipalityKey/01054121
1053,http://dcat-ap.de/def/politicalGeocoding/municipalityKey/01054026
1054,http://dcat-ap.de/def/politicalGeocoding/municipalityKey/01053098
1055,http://dcat-ap.de/def/politicalGeocoding/municipalAssociationKey/010585895
1056,http://dcat-ap.de/def/politicalGeocoding/municipalityKey/01051017
1057,http://dcat-ap.de/def/politicalGeocoding/municipalityKey/01061023
1058,http://dcat-ap.de/def/politicalGeocoding/municipalityKey/01059186
1060,http://dcat-ap.de/def/politicalGeocoding/municipalityKey/01051006
1061,http://dcat-ap.de/def/politicalGeocoding/municipalityKey/01053031
1062,http://dcat-ap.de/def/politicalGeocoding/municipalityKey/01058068
1063,http://dcat-ap.de/def/politicalGeocoding/municipalityKey/01062020
1064,http://dcat-ap.de/def/politicalGeocoding/municipalityKey/01062039
1065,http://dcat-ap.de/def/politicalGeocoding/municipalityKey/01054059
1066,http://dcat-ap.de/def/politicalGeocoding/municipalityKey/01061016
1067,http://dcat-ap.de/def/politicalGeocoding/municipalityKey/01062008
1068,http://dcat-ap.de/def/politicalGeocoding/municipalityKey/01051039
1069,http://dcat-ap.de/def/politicalGeocoding/municipalityKey/01051105
1070,http://dcat-ap.de/def/politicalGeocoding/municipalityKey/01053120
1071,http://dcat-ap.de/def/politicalGeocoding/municipalityKey/01058161
1072,http://dcat-ap.de/def/politicalGeocoding/municipalityKey/01053124
1073,http://dcat-ap.de/def/politicalGeocoding/municipalityKey/01053068
1076,http://dcat-ap.de/def/politicalGeocoding/municipalityKey/01054041
1077,http://dcat-ap.de/def/politicalGeocoding/municipalityKey/01051121
1079,http://dcat-ap.de/def/politicalGeocoding/municipalityKey/01054144
1080,http://dcat-ap.de/def/politicalGeocoding/municipalityKey/01054110
1081,http://dcat-ap.de/def/politicalGeocoding/municipalityKey/01057056
1082,http://dcat-ap.de/def/politicalGeocoding/municipalityKey/01053045
1083,http://dcat-ap.de/def/politicalGeocoding/municipalityKey/01058031
1084,http://dcat-ap.de/def/politicalGeocoding/municipalityKey/01053043
1085,http://dcat-ap.de/def/politicalGeocoding/municipalAssociationKey/010535358
1086,http://dcat-ap.de/def/politicalGeocoding/municipalityKey/01059185
1087,http://dcat-ap.de/def/politicalGeocoding/municipalityKey/01059187
1088,http://dcat-ap.de/def/politicalGeocoding/municipalityKey/01061068
1089,http://dcat-ap.de/def/politicalGeocoding/municipalityKey/01061058
1090,http://dcat-ap.de/def/politicalGeocoding/municipalityKey/01053112
1091,http://dcat-ap.de/def/politicalGeocoding/municipalityKey/01053040
1092,http://dcat-ap.de/def/politicalGeocoding/municipalityKey/01053016
1093,http://dcat-ap.de/def/politicalGeocoding/municipalityKey/01061109
1094,http://dcat-ap.de/def/politicalGeocoding/municipalityKey/01054052
1095,http://dcat-ap.de/def/politicalGeocoding/municipalityKey/01058103
1096,http://dcat-ap.de/def/politicalGeocoding/municipalityKey/01054079
1097,http://dcat-ap.de/def/politicalGeocoding/municipalityKey/01054022
1098,http://dcat-ap.de/def/politicalGeocoding/municipalityKey/01053135
1099,http://dcat-ap.de/def/politicalGeocoding/municipalityKey/01061115
1100,http://dcat-ap.de/def/politicalGeocoding/municipalityKey/01053005
1101,http://dcat-ap.de/def/politicalGeocoding/municipalityKey/01056023
1102,http://dcat-ap.de/def/politicalGeocoding/municipalityKey/01053057
1103,http://dcat-ap.de/def/politicalGeocoding/municipalityKey/01059188
1104,http://dcat-ap.de/def/politicalGeocoding/municipalityKey/01061002
1105,http://dcat-ap.de/def/politicalGeocoding/municipalityKey/01061118
1106,http://dcat-ap.de/def/politicalGeocoding/municipalAssociationKey/010595974
1107,http://dcat-ap.de/def/politicalGeocoding/municipalityKey/01058093
1108,http://dcat-ap.de/def/politicalGeocoding/municipalityKey/01053054
1109,http://dcat-ap.de/def/politicalGeocoding/municipalityKey/01053046
1110,http://dcat-ap.de/def/politicalGeocoding/municipalityKey/01059094
1111,http://dcat-ap.de/def/politicalGeocoding/municipalAssociationKey/010545488
1112,http://dcat-ap.de/def/politicalGeocoding/municipalityKey/01051088
1113,http://dcat-ap.de/def/politicalGeocoding/municipalityKey/01053027
1114,http://dcat-ap.de/def/politicalGeocoding/municipalityKey/01058151
1115,http://dcat-ap.de/def/politicalGeocoding/municipalityKey/01061062
1116,http://dcat-ap.de/def/politicalGeocoding/municipalityKey/01053089
1117,http://dcat-ap.de/def/politicalGeocoding/municipalityKey/01054032
1118,http://dcat-ap.de/def/politicalGeocoding/municipalityKey/01060010

